date,ValueCol,Year,month,week
2014-01-01,3.6422828751674388,2014,1,0
2014-01-02,4.150878868676955,2014,1,0
2014-01-03,4.13785419674241,2014,1,0
2014-01-04,4.781708801659988,2014,1,0
2014-01-05,5.019244743540185,2014,1,0
2014-01-06,4.16889006915153,2014,1,1
2014-01-07,3.538075220218161,2014,1,1
2014-01-08,3.7611299698764924,2014,1,1
2014-01-09,4.194663222093368,2014,1,1
2014-01-10,4.042830605205381,2014,1,1
2014-01-11,4.851920651766704,2014,1,1
2014-01-12,4.703304195572855,2014,1,1
2014-01-13,3.8113130474521313,2014,1,2
2014-01-14,4.452012948138872,2014,1,2
2014-01-15,3.8208953041175846,2014,1,2
2014-01-16,4.365875092014903,2014,1,2
2014-01-17,3.8148027485294733,2014,1,2
2014-01-18,4.425150139984908,2014,1,2
2014-01-19,4.34505214964156,2014,1,2
2014-01-20,3.760805374389747,2014,1,3
2014-01-21,3.845191918691853,2014,1,3
2014-01-22,3.8312728345918003,2014,1,3
2014-01-23,3.687625466758618,2014,1,3
2014-01-24,3.568575381912524,2014,1,3
2014-01-25,4.377128900989192,2014,1,3
2014-01-26,4.968927912443178,2014,1,3
2014-01-27,4.054277010640362,2014,1,4
2014-01-28,4.443237629864598,2014,1,4
2014-01-29,4.359924510732526,2014,1,4
2014-01-30,3.5743497271614615,2014,1,4
2014-01-31,3.984670946287224,2014,1,4
2014-02-01,3.7819561293290462,2014,2,4
2014-02-02,3.821441660489654,2014,2,4
2014-02-03,3.394326431414811,2014,2,5
2014-02-04,3.068115769623546,2014,2,5
2014-02-05,3.646690196794225,2014,2,5
2014-02-06,3.0882675989705604,2014,2,5
2014-02-07,3.1458293799951207,2014,2,5
2014-02-08,4.508919874991989,2014,2,5
2014-02-09,4.3241217977774795,2014,2,5
2014-02-10,3.440353152080206,2014,2,6
2014-02-11,3.5334256554197054,2014,2,6
2014-02-12,3.1988438684202265,2014,2,6
2014-02-13,3.508838759473292,2014,2,6
2014-02-14,3.2167897370818537,2014,2,6
2014-02-15,4.018766930414131,2014,2,6
2014-02-16,4.193863984750351,2014,2,6
2014-02-17,3.372010800492717,2014,2,7
2014-02-18,3.130948388687102,2014,2,7
2014-02-19,3.6524793489079457,2014,2,7
2014-02-20,2.960799441410927,2014,2,7
2014-02-21,3.1967061632021796,2014,2,7
2014-02-22,4.234041200805223,2014,2,7
2014-02-23,4.0213153696095105,2014,2,7
2014-02-24,3.040018520288868,2014,2,8
2014-02-25,3.39095304950024,2014,2,8
2014-02-26,3.38098048439133,2014,2,8
2014-02-27,3.6382197583734524,2014,2,8
2014-02-28,3.061669385264395,2014,2,8
2014-03-01,3.7236019653792027,2014,3,8
2014-03-02,3.7400433869624976,2014,3,8
2014-03-03,2.287316934001865,2014,3,9
2014-03-04,2.562641814147355,2014,3,9
2014-03-05,2.2592095979780424,2014,3,9
2014-03-06,2.4844853855029214,2014,3,9
2014-03-07,2.95195427609724,2014,3,9
2014-03-08,3.1833043120859656,2014,3,9
2014-03-09,3.3837571206095163,2014,3,9
2014-03-10,2.297106278158026,2014,3,10
2014-03-11,2.8100294987962116,2014,3,10
2014-03-12,2.366939845989691,2014,3,10
2014-03-13,3.1382960405026097,2014,3,10
2014-03-14,2.26008691455354,2014,3,10
2014-03-15,3.658330658596242,2014,3,10
2014-03-16,2.9651708879100624,2014,3,10
2014-03-17,2.764649639633717,2014,3,11
2014-03-18,2.6297263463784475,2014,3,11
2014-03-19,2.315512156143086,2014,3,11
2014-03-20,2.566104081022786,2014,3,11
2014-03-21,2.9139550559048075,2014,3,11
2014-03-22,3.8016100313107017,2014,3,11
2014-03-23,3.3471192760916892,2014,3,11
2014-03-24,2.388075002032565,2014,3,12
2014-03-25,2.7897294138383586,2014,3,12
2014-03-26,2.441634310671361,2014,3,12
2014-03-27,3.144040148035856,2014,3,12
2014-03-28,2.6349594435014296,2014,3,12
2014-03-29,3.186080334620783,2014,3,12
2014-03-30,3.035238217940787,2014,3,12
2014-03-31,3.141645508381771,2014,3,13
2014-04-01,1.7702935366833117,2014,4,13
2014-04-02,2.504324352456024,2014,4,13
2014-04-03,1.7379779513867106,2014,4,13
2014-04-04,1.7355138904822525,2014,4,13
2014-04-05,2.3389371549419593,2014,4,13
2014-04-06,2.7452332335233223,2014,4,13
2014-04-07,1.9040988102497067,2014,4,14
2014-04-08,1.6306166517024394,2014,4,14
2014-04-09,1.9135471876652446,2014,4,14
2014-04-10,2.346019413409522,2014,4,14
2014-04-11,1.639356483326992,2014,4,14
2014-04-12,2.7987257644708734,2014,4,14
2014-04-13,2.5139074285689276,2014,4,14
2014-04-14,1.8080960727238562,2014,4,15
2014-04-15,1.737638654973125,2014,4,15
2014-04-16,1.9295816806552466,2014,4,15
2014-04-17,1.7589617258345243,2014,4,15
2014-04-18,1.733861895831069,2014,4,15
2014-04-19,2.669180712167872,2014,4,15
2014-04-20,2.2722923049877863,2014,4,15
2014-04-21,2.317201319237938,2014,4,16
2014-04-22,1.7046687974070664,2014,4,16
2014-04-23,2.5542046947812196,2014,4,16
2014-04-24,1.7257175190316048,2014,4,16
2014-04-25,1.8235563771741,2014,4,16
2014-04-26,3.14673741927254,2014,4,16
2014-04-27,3.179502773535205,2014,4,16
2014-04-28,1.8830559792404529,2014,4,17
2014-04-29,1.727370844077086,2014,4,17
2014-04-30,2.4010602157504763,2014,4,17
2014-05-01,1.7066170688776765,2014,5,17
2014-05-02,1.8783140775340144,2014,5,17
2014-05-03,2.586687994917156,2014,5,17
2014-05-04,2.5344504649110604,2014,5,17
2014-05-05,1.448475261364365,2014,5,18
2014-05-06,1.2457993965654168,2014,5,18
2014-05-07,1.213885554956505,2014,5,18
2014-05-08,1.4655950245505664,2014,5,18
2014-05-09,1.4593060269544367,2014,5,18
2014-05-10,1.9105355595529545,2014,5,18
2014-05-11,2.554312576801749,2014,5,18
2014-05-12,1.5964392220193986,2014,5,19
2014-05-13,1.0897732518205885,2014,5,19
2014-05-14,1.3853868475707714,2014,5,19
2014-05-15,1.8766567634011153,2014,5,19
2014-05-16,1.430132187117124,2014,5,19
2014-05-17,2.500258895364823,2014,5,19
2014-05-18,2.1898330336262006,2014,5,19
2014-05-19,1.594082669733325,2014,5,20
2014-05-20,1.8314981725125108,2014,5,20
2014-05-21,1.4650896763487253,2014,5,20
2014-05-22,1.9459749685192946,2014,5,20
2014-05-23,1.2867258811893407,2014,5,20
2014-05-24,2.073464698420139,2014,5,20
2014-05-25,1.9490768274117727,2014,5,20
2014-05-26,1.589817537838826,2014,5,21
2014-05-27,1.7039400443027262,2014,5,21
2014-05-28,1.5283066710981075,2014,5,21
2014-05-29,1.9431263603328262,2014,5,21
2014-05-30,1.5391525893064681,2014,5,21
2014-05-31,2.031131801690208,2014,5,21
2014-06-01,1.179129542404553,2014,6,21
2014-06-02,0.40293801689404063,2014,6,22
2014-06-03,1.1710448730445933,2014,6,22
2014-06-04,0.5554412128112745,2014,6,22
2014-06-05,1.3089473980653565,2014,6,22
2014-06-06,0.9226774971175473,2014,6,22
2014-06-07,1.9492706554883625,2014,6,22
2014-06-08,1.3261292240058538,2014,6,22
2014-06-09,0.8759065821941476,2014,6,23
2014-06-10,0.7502239141322207,2014,6,23
2014-06-11,0.896657732053427,2014,6,23
2014-06-12,0.7532873486343306,2014,6,23
2014-06-13,0.5456257152545732,2014,6,23
2014-06-14,1.0355145850626286,2014,6,23
2014-06-15,1.587828107032692,2014,6,23
2014-06-16,0.7517963216814678,2014,6,24
2014-06-17,0.39349604488234036,2014,6,24
2014-06-18,1.123181970528094,2014,6,24
2014-06-19,0.6460582546133082,2014,6,24
2014-06-20,1.0780689862731379,2014,6,24
2014-06-21,1.5348013647308107,2014,6,24
2014-06-22,1.6593692541064229,2014,6,24
2014-06-23,0.7477557176898699,2014,6,25
2014-06-24,0.664352653286187,2014,6,25
2014-06-25,1.0798999364196789,2014,6,25
2014-06-26,0.7448101592890453,2014,6,25
2014-06-27,0.8816672051034402,2014,6,25
2014-06-28,1.0666656217945274,2014,6,25
2014-06-29,1.2535516450589057,2014,6,25
2014-06-30,0.7995826371188741,2014,6,26
2014-07-01,0.6656104980211239,2014,7,26
2014-07-02,0.9214940913661849,2014,7,26
2014-07-03,0.3968632744799834,2014,7,26
2014-07-04,1.276772562385304,2014,7,26
2014-07-05,0.9727366704901215,2014,7,26
2014-07-06,1.7922404798155185,2014,7,26
2014-07-07,0.9532224000140559,2014,7,27
2014-07-08,0.6308741164102685,2014,7,27
2014-07-09,1.063349317497341,2014,7,27
2014-07-10,0.9596912648703437,2014,7,27
2014-07-11,1.3132959385111462,2014,7,27
2014-07-12,1.078799635724863,2014,7,27
2014-07-13,1.8337694251385983,2014,7,27
2014-07-14,1.130863339145435,2014,7,28
2014-07-15,1.142631129565416,2014,7,28
2014-07-16,1.155482613685308,2014,7,28
2014-07-17,1.053512171813054,2014,7,28
2014-07-18,1.303823975584237,2014,7,28
2014-07-19,1.5897344300465193,2014,7,28
2014-07-20,1.6112844816816505,2014,7,28
2014-07-21,0.8491393292497378,2014,7,29
2014-07-22,0.6382737727544736,2014,7,29
2014-07-23,1.0886354203976225,2014,7,29
2014-07-24,0.8470884437847417,2014,7,29
2014-07-25,1.0530818355910014,2014,7,29
2014-07-26,1.2581955879868474,2014,7,29
2014-07-27,1.3547030986228492,2014,7,29
2014-07-28,0.5251823966100346,2014,7,30
2014-07-29,1.3064130395359825,2014,7,30
2014-07-30,0.8870907083328348,2014,7,30
2014-07-31,0.6011550964030903,2014,7,30
2014-08-01,1.1473955769615714,2014,8,30
2014-08-02,2.350151146092685,2014,8,30
2014-08-03,2.158871031162562,2014,8,30
2014-08-04,1.8945134248642717,2014,8,31
2014-08-05,1.601033170154551,2014,8,31
2014-08-06,1.6630879881849978,2014,8,31
2014-08-07,1.4415623223467264,2014,8,31
2014-08-08,1.812651770102093,2014,8,31
2014-08-09,2.0144204253156204,2014,8,31
2014-08-10,1.6234818729863036,2014,8,31
2014-08-11,1.2204865020758007,2014,8,32
2014-08-12,1.2971845885331277,2014,8,32
2014-08-13,1.0958895223739091,2014,8,32
2014-08-14,1.4618862391507719,2014,8,32
2014-08-15,1.7644754866196308,2014,8,32
2014-08-16,1.9292429930355866,2014,8,32
2014-08-17,2.1010103652079124,2014,8,32
2014-08-18,1.4567784156242851,2014,8,33
2014-08-19,1.7593927578127477,2014,8,33
2014-08-20,1.52929874919937,2014,8,33
2014-08-21,1.069036671804497,2014,8,33
2014-08-22,1.7699882990273181,2014,8,33
2014-08-23,2.159201820875751,2014,8,33
2014-08-24,1.8043306777544785,2014,8,33
2014-08-25,1.7119191085512284,2014,8,34
2014-08-26,1.2695582037849817,2014,8,34
2014-08-27,1.4518582971359137,2014,8,34
2014-08-28,1.9520497465564404,2014,8,34
2014-08-29,1.3864490319101606,2014,8,34
2014-08-30,1.8364927545480896,2014,8,34
2014-08-31,1.8092244647268672,2014,8,34
2014-09-01,2.293017262913054,2014,9,35
2014-09-02,2.5841124650032725,2014,9,35
2014-09-03,2.0809327956230845,2014,9,35
2014-09-04,2.3774233782605734,2014,9,35
2014-09-05,2.17821270096465,2014,9,35
2014-09-06,3.199589353025658,2014,9,35
2014-09-07,3.030573493306292,2014,9,35
2014-09-08,2.135804843477672,2014,9,36
2014-09-09,2.2005235174146947,2014,9,36
2014-09-10,1.8677862299082335,2014,9,36
2014-09-11,1.8834424650704022,2014,9,36
2014-09-12,1.6690030005702283,2014,9,36
2014-09-13,2.796730998874409,2014,9,36
2014-09-14,2.4960053346294444,2014,9,36
2014-09-15,1.6071820874640252,2014,9,37
2014-09-16,2.1934162998513784,2014,9,37
2014-09-17,2.1239509210863616,2014,9,37
2014-09-18,2.4485344910935964,2014,9,37
2014-09-19,1.6334565699507948,2014,9,37
2014-09-20,2.8334190016321372,2014,9,37
2014-09-21,2.502069422014756,2014,9,37
2014-09-22,1.7245086606999394,2014,9,38
2014-09-23,1.7046052178775426,2014,9,38
2014-09-24,2.352060896664625,2014,9,38
2014-09-25,1.6198603856319096,2014,9,38
2014-09-26,1.6533609019534197,2014,9,38
2014-09-27,2.9812734385195654,2014,9,38
2014-09-28,2.5908873162406962,2014,9,38
2014-09-29,2.3628579523356166,2014,9,39
2014-09-30,1.9798560988565441,2014,9,39
2014-10-01,3.044922367698746,2014,10,39
2014-10-02,2.2711524244223256,2014,10,39
2014-10-03,2.751818208984332,2014,10,39
2014-10-04,3.696438201382989,2014,10,39
2014-10-05,3.4199661311286036,2014,10,39
2014-10-06,2.5121441132214386,2014,10,40
2014-10-07,2.5900969808280934,2014,10,40
2014-10-08,2.614635611680569,2014,10,40
2014-10-09,2.6747117433988024,2014,10,40
2014-10-10,3.1639740320679266,2014,10,40
2014-10-11,3.659554370358819,2014,10,40
2014-10-12,3.6130410871992353,2014,10,40
2014-10-13,2.526232282660203,2014,10,41
2014-10-14,2.702286287007155,2014,10,41
2014-10-15,2.5329973004118074,2014,10,41
2014-10-16,2.9417507264588494,2014,10,41
2014-10-17,3.0662159570783842,2014,10,41
2014-10-18,3.530363086523721,2014,10,41
2014-10-19,3.2887142323015723,2014,10,41
2014-10-20,3.197289073403226,2014,10,42
2014-10-21,2.4885691190429498,2014,10,42
2014-10-22,2.854144685465144,2014,10,42
2014-10-23,3.003411127749132,2014,10,42
2014-10-24,2.939127020566957,2014,10,42
2014-10-25,2.9906373512058053,2014,10,42
2014-10-26,3.511121219402412,2014,10,42
2014-10-27,2.5544850272417534,2014,10,43
2014-10-28,2.5984581609081943,2014,10,43
2014-10-29,3.2264179750636686,2014,10,43
2014-10-30,2.78434242241201,2014,10,43
2014-10-31,2.6894935218442697,2014,10,43
2014-11-01,4.466136235132581,2014,11,43
2014-11-02,3.9692528288287576,2014,11,43
2014-11-03,3.0776453648868483,2014,11,44
2014-11-04,3.8786287109542172,2014,11,44
2014-11-05,3.4354750089987647,2014,11,44
2014-11-06,3.655835328361718,2014,11,44
2014-11-07,3.8004412341106217,2014,11,44
2014-11-08,4.198881459509721,2014,11,44
2014-11-09,3.9240208778937813,2014,11,44
2014-11-10,3.2946118607360404,2014,11,45
2014-11-11,3.033102351677371,2014,11,45
2014-11-12,3.0836872753861826,2014,11,45
2014-11-13,3.0792289008095395,2014,11,45
2014-11-14,3.2954339619900566,2014,11,45
2014-11-15,3.8649907636863645,2014,11,45
2014-11-16,4.3513123058655765,2014,11,45
2014-11-17,3.085419568436919,2014,11,46
2014-11-18,3.7488248708832543,2014,11,46
2014-11-19,3.284204871597467,2014,11,46
2014-11-20,3.0402733282826375,2014,11,46
2014-11-21,3.2263029445603024,2014,11,46
2014-11-22,3.883949897106504,2014,11,46
2014-11-23,3.944148540351307,2014,11,46
2014-11-24,3.073356465640245,2014,11,47
2014-11-25,3.545036161754979,2014,11,47
2014-11-26,3.807430942513747,2014,11,47
2014-11-27,3.620913624035893,2014,11,47
2014-11-28,3.7693388329062145,2014,11,47
2014-11-29,4.470115988602629,2014,11,47
2014-11-30,3.711670992517611,2014,11,47
2014-12-01,4.0011961992422584,2014,12,48
2014-12-02,3.914630119834328,2014,12,48
2014-12-03,3.902745321072871,2014,12,48
2014-12-04,3.556435120437527,2014,12,48
2014-12-05,4.457934675650904,2014,12,48
2014-12-06,4.568858635640936,2014,12,48
2014-12-07,5.114169576001586,2014,12,48
2014-12-08,3.800732304021949,2014,12,49
2014-12-09,4.04582595769898,2014,12,49
2014-12-10,4.506889306154335,2014,12,49
2014-12-11,3.8982759501377586,2014,12,49
2014-12-12,3.839009903051192,2014,12,49
2014-12-13,4.192538992530899,2014,12,49
2014-12-14,4.825895207497524,2014,12,49
2014-12-15,4.449495840730378,2014,12,50
2014-12-16,3.573569061845774,2014,12,50
2014-12-17,3.729712095722789,2014,12,50
2014-12-18,4.272094348125393,2014,12,50
2014-12-19,3.6591362949984614,2014,12,50
2014-12-20,4.86721295377356,2014,12,50
2014-12-21,5.157161171344342,2014,12,50
2014-12-22,4.472492509899894,2014,12,51
2014-12-23,4.121483362891013,2014,12,51
2014-12-24,4.25987510025152,2014,12,51
2014-12-25,4.015313639451051,2014,12,51
2014-12-26,4.296731459820876,2014,12,51
2014-12-27,4.1614748223510105,2014,12,51
2014-12-28,4.716270658216672,2014,12,51
2014-12-29,3.9888347530795727,2014,12,52
2014-12-30,3.8582946089154575,2014,12,52
2014-12-31,4.364055091195041,2014,12,52
2015-01-01,4.50628112690174,2015,1,0
2015-01-02,4.189094411121914,2015,1,0
2015-01-03,4.391904219548451,2015,1,0
2015-01-04,4.977529780269833,2015,1,0
2015-01-05,4.2532643588783685,2015,1,1
2015-01-06,4.5049366170133,2015,1,1
2015-01-07,3.793692492559785,2015,1,1
2015-01-08,4.4073995064536575,2015,1,1
2015-01-09,4.016468676185468,2015,1,1
2015-01-10,4.463797645439627,2015,1,1
2015-01-11,4.553426358877914,2015,1,1
2015-01-12,4.287919179914752,2015,1,2
2015-01-13,3.6293811061477754,2015,1,2
2015-01-14,3.9499391542340163,2015,1,2
2015-01-15,4.186343711480731,2015,1,2
2015-01-16,3.823843555903295,2015,1,2
2015-01-17,4.364315859769704,2015,1,2
2015-01-18,4.160476071789162,2015,1,2
2015-01-19,3.6364221425319556,2015,1,3
2015-01-20,3.74344648575061,2015,1,3
2015-01-21,3.6437331376655493,2015,1,3
2015-01-22,4.215738895494724,2015,1,3
2015-01-23,3.721851694077486,2015,1,3
2015-01-24,5.143251253321068,2015,1,3
2015-01-25,5.105367335752817,2015,1,3
2015-01-26,4.220286433032015,2015,1,4
2015-01-27,4.268471407383913,2015,1,4
2015-01-28,4.261019762285287,2015,1,4
2015-01-29,4.18117790776887,2015,1,4
2015-01-30,3.695625770749757,2015,1,4
2015-01-31,5.0815102181222755,2015,1,4
2015-02-01,4.08137430329225,2015,2,4
2015-02-02,3.4235151966277044,2015,2,5
2015-02-03,2.9058633085514884,2015,2,5
2015-02-04,3.2534191889862996,2015,2,5
2015-02-05,3.5732618358160835,2015,2,5
2015-02-06,3.303648284607334,2015,2,5
2015-02-07,4.273795703746146,2015,2,5
2015-02-08,4.2925643253547605,2015,2,5
2015-02-09,3.4606065812695306,2015,2,6
2015-02-10,3.07571835393901,2015,2,6
2015-02-11,3.645284895290388,2015,2,6
2015-02-12,2.979702654265566,2015,2,6
2015-02-13,3.5093780879105907,2015,2,6
2015-02-14,3.9326826590986457,2015,2,6
2015-02-15,4.29328032801277,2015,2,6
2015-02-16,3.694822363293497,2015,2,7
2015-02-17,3.8543158815882634,2015,2,7
2015-02-18,3.1029228125407826,2015,2,7
2015-02-19,3.7540284723218065,2015,2,7
2015-02-20,3.30393758972059,2015,2,7
2015-02-21,4.029798173432937,2015,2,7
2015-02-22,4.2917067779635545,2015,2,7
2015-02-23,3.019562879082514,2015,2,8
2015-02-24,3.298927203490166,2015,2,8
2015-02-25,3.549067134707002,2015,2,8
2015-02-26,3.794739328295691,2015,2,8
2015-02-27,3.2315111986536067,2015,2,8
2015-02-28,3.62201252169325,2015,2,8
2015-03-01,3.8075554768147413,2015,3,8
2015-03-02,2.4453929316077847,2015,3,9
2015-03-03,2.2994779660657514,2015,3,9
2015-03-04,2.6712997346476186,2015,3,9
2015-03-05,2.584255478606792,2015,3,9
2015-03-06,2.521060961560579,2015,3,9
2015-03-07,3.538700097153196,2015,3,9
2015-03-08,3.6591056519246195,2015,3,9
2015-03-09,2.6851570254948456,2015,3,10
2015-03-10,3.175783526414307,2015,3,10
2015-03-11,2.5176668644708116,2015,3,10
2015-03-12,2.904488688131096,2015,3,10
2015-03-13,2.6257489528798033,2015,3,10
2015-03-14,3.81060033236281,2015,3,10
2015-03-15,3.6107104848197196,2015,3,10
2015-03-16,2.835550112213241,2015,3,11
2015-03-17,3.0601120735809673,2015,3,11
2015-03-18,3.1278684884600807,2015,3,11
2015-03-19,2.9909009675320704,2015,3,11
2015-03-20,2.7472512196109165,2015,3,11
2015-03-21,3.863711028272519,2015,3,11
2015-03-22,3.4304776058124844,2015,3,11
2015-03-23,3.1251614918292034,2015,3,12
2015-03-24,2.8758989225898404,2015,3,12
2015-03-25,2.8586751907423604,2015,3,12
2015-03-26,2.279068958509015,2015,3,12
2015-03-27,2.5001603444397915,2015,3,12
2015-03-28,3.6511783561727498,2015,3,12
2015-03-29,3.873454555781791,2015,3,12
2015-03-30,3.2055780603841413,2015,3,13
2015-03-31,2.9963884724129457,2015,3,13
2015-04-01,2.284403617348289,2015,4,13
2015-04-02,1.85078621035791,2015,4,13
2015-04-03,2.2104627332591917,2015,4,13
2015-04-04,2.807620215899078,2015,4,13
2015-04-05,2.283244560676394,2015,4,13
2015-04-06,1.9767199012858327,2015,4,14
2015-04-07,2.4986678050772753,2015,4,14
2015-04-08,1.9956715019361582,2015,4,14
2015-04-09,2.120845026889583,2015,4,14
2015-04-10,1.7791798327525612,2015,4,14
2015-04-11,2.4262551159772556,2015,4,14
2015-04-12,2.780158348119585,2015,4,14
2015-04-13,1.9970205950958189,2015,4,15
2015-04-14,2.229097253031796,2015,4,15
2015-04-15,2.176104528916767,2015,4,15
2015-04-16,1.7445188268029597,2015,4,15
2015-04-17,1.8931714255304541,2015,4,15
2015-04-18,2.2342618081893306,2015,4,15
2015-04-19,3.1890133695851546,2015,4,15
2015-04-20,2.0033097063133027,2015,4,16
2015-04-21,2.580953301716363,2015,4,16
2015-04-22,2.1156739551515784,2015,4,16
2015-04-23,2.0710609449015465,2015,4,16
2015-04-24,2.327735249971738,2015,4,16
2015-04-25,2.3757232054776978,2015,4,16
2015-04-26,2.757227431720821,2015,4,16
2015-04-27,2.1643208764435258,2015,4,17
2015-04-28,2.26424256208702,2015,4,17
2015-04-29,1.9761654581816401,2015,4,17
2015-04-30,1.740051749482518,2015,4,17
2015-05-01,1.0362207797879819,2015,5,17
2015-05-02,2.3536019299936015,2015,5,17
2015-05-03,2.294884662871482,2015,5,17
2015-05-04,1.7262351155804936,2015,5,18
2015-05-05,1.1193961120734457,2015,5,18
2015-05-06,1.5616844602918718,2015,5,18
2015-05-07,1.7256816405861173,2015,5,18
2015-05-08,1.8749928420002107,2015,5,18
2015-05-09,1.9001105996139813,2015,5,18
2015-05-10,2.249155625264393,2015,5,18
2015-05-11,1.3001444827823434,2015,5,19
2015-05-12,1.5665902357141022,2015,5,19
2015-05-13,1.0462948725617025,2015,5,19
2015-05-14,1.5680070893431548,2015,5,19
2015-05-15,1.5582508802472148,2015,5,19
2015-05-16,2.261008899222361,2015,5,19
2015-05-17,2.3931330459017772,2015,5,19
2015-05-18,1.8177957391890232,2015,5,20
2015-05-19,1.0124797638563905,2015,5,20
2015-05-20,1.6367739391571376,2015,5,20
2015-05-21,1.8082331520563457,2015,5,20
2015-05-22,1.7087381714081857,2015,5,20
2015-05-23,2.4216541538771708,2015,5,20
2015-05-24,1.7199898758262862,2015,5,20
2015-05-25,1.756448291853303,2015,5,21
2015-05-26,1.3178457670437638,2015,5,21
2015-05-27,1.9104215250408743,2015,5,21
2015-05-28,1.892497959692264,2015,5,21
2015-05-29,1.554784402862424,2015,5,21
2015-05-30,1.7025840140704531,2015,5,21
2015-05-31,2.3759252177842427,2015,5,21
2015-06-01,0.9226028921257239,2015,6,22
2015-06-02,0.409054371266393,2015,6,22
2015-06-03,0.9780422269541305,2015,6,22
2015-06-04,0.6528608882508706,2015,6,22
2015-06-05,1.156198983284412,2015,6,22
2015-06-06,1.1983031736162957,2015,6,22
2015-06-07,1.3141207702865358,2015,6,22
2015-06-08,1.2454285849526059,2015,6,23
2015-06-09,0.8837979591626208,2015,6,23
2015-06-10,1.1276453088212293,2015,6,23
2015-06-11,0.3597086916852277,2015,6,23
2015-06-12,0.36060538885067217,2015,6,23
2015-06-13,1.5830728163418826,2015,6,23
2015-06-14,1.1896166203950997,2015,6,23
2015-06-15,0.5733049534901511,2015,6,24
2015-06-16,0.9454044513113331,2015,6,24
2015-06-17,0.7264697523496579,2015,6,24
2015-06-18,1.1192530244297814,2015,6,24
2015-06-19,0.43824289247277193,2015,6,24
2015-06-20,1.9450271288806107,2015,6,24
2015-06-21,1.6003871756547596,2015,6,24
2015-06-22,0.9763908825989347,2015,6,25
2015-06-23,1.0682595749094617,2015,6,25
2015-06-24,0.8350531637843233,2015,6,25
2015-06-25,0.7011100677482318,2015,6,25
2015-06-26,0.9320882216270547,2015,6,25
2015-06-27,1.9165301684697624,2015,6,25
2015-06-28,1.166388514538994,2015,6,25
2015-06-29,1.069529314263491,2015,6,26
2015-06-30,0.7531555860477965,2015,6,26
2015-07-01,1.1493761902383994,2015,7,26
2015-07-02,1.204120470880298,2015,7,26
2015-07-03,1.300568586884765,2015,7,26
2015-07-04,1.8645305739191826,2015,7,26
2015-07-05,1.2080164275539573,2015,7,26
2015-07-06,0.5442277691035997,2015,7,27
2015-07-07,1.1114128692715894,2015,7,27
2015-07-08,0.4858747601683717,2015,7,27
2015-07-09,1.158855810732348,2015,7,27
2015-07-10,1.2927003903023433,2015,7,27
2015-07-11,1.4480680733395275,2015,7,27
2015-07-12,0.9903378962480929,2015,7,27
2015-07-13,0.9459365470975172,2015,7,28
2015-07-14,1.1511658597446512,2015,7,28
2015-07-15,0.47659155816654675,2015,7,28
2015-07-16,1.3109837025112938,2015,7,28
2015-07-17,1.0016622882976662,2015,7,28
2015-07-18,1.8152277833723929,2015,7,28
2015-07-19,1.1921906092611607,2015,7,28
2015-07-20,1.1833590485330205,2015,7,29
2015-07-21,1.1128666242293548,2015,7,29
2015-07-22,0.9331047178420704,2015,7,29
2015-07-23,0.5293391162704211,2015,7,29
2015-07-24,0.3801920786208939,2015,7,29
2015-07-25,1.5758172856585588,2015,7,29
2015-07-26,1.7544612119381782,2015,7,29
2015-07-27,0.5194105743139517,2015,7,30
2015-07-28,0.9864300747576635,2015,7,30
2015-07-29,0.7237127308908384,2015,7,30
2015-07-30,0.7077426379255485,2015,7,30
2015-07-31,0.38100836469675414,2015,7,30
2015-08-01,2.0123701617412735,2015,8,30
2015-08-02,2.1431870006781537,2015,8,30
2015-08-03,1.7784155725094024,2015,8,31
2015-08-04,1.8001366932003293,2015,8,31
2015-08-05,0.9744379172625486,2015,8,31
2015-08-06,1.5350379505252931,2015,8,31
2015-08-07,1.263980715913931,2015,8,31
2015-08-08,1.6307684528001118,2015,8,31
2015-08-09,1.9504226609424222,2015,8,31
2015-08-10,1.2297930888889823,2015,8,32
2015-08-11,1.9363635919580702,2015,8,32
2015-08-12,1.9134833001589868,2015,8,32
2015-08-13,1.5784004679007921,2015,8,32
2015-08-14,1.9271768612379674,2015,8,32
2015-08-15,2.4701242661394645,2015,8,32
2015-08-16,1.7120797515672166,2015,8,32
2015-08-17,1.5585977171140257,2015,8,33
2015-08-18,1.3192600418406073,2015,8,33
2015-08-19,1.6372263179218862,2015,8,33
2015-08-20,1.6005300559627358,2015,8,33
2015-08-21,1.6592068729514722,2015,8,33
2015-08-22,2.2172857243858743,2015,8,33
2015-08-23,1.7143118388776202,2015,8,33
2015-08-24,1.2433116681932006,2015,8,34
2015-08-25,1.1365280092286412,2015,8,34
2015-08-26,1.132564291037852,2015,8,34
2015-08-27,1.522883487312356,2015,8,34
2015-08-28,1.391140445281053,2015,8,34
2015-08-29,1.9812765165988822,2015,8,34
2015-08-30,2.435796162375482,2015,8,34
2015-08-31,1.1711305595526937,2015,8,35
2015-09-01,2.113324535865104,2015,9,35
2015-09-02,1.9988650866725948,2015,9,35
2015-09-03,1.8620598205307033,2015,9,35
2015-09-04,2.406861194729572,2015,9,35
2015-09-05,2.540648871072335,2015,9,35
2015-09-06,2.311779991228832,2015,9,35
2015-09-07,2.550678492843872,2015,9,36
2015-09-08,1.9825682375521865,2015,9,36
2015-09-09,1.9313517930859234,2015,9,36
2015-09-10,2.2687266157881822,2015,9,36
2015-09-11,2.3812207648006734,2015,9,36
2015-09-12,2.7177712737757247,2015,9,36
2015-09-13,3.1631012232683133,2015,9,36
2015-09-14,1.6537876006623264,2015,9,37
2015-09-15,2.2752573199977633,2015,9,37
2015-09-16,2.429411685181549,2015,9,37
2015-09-17,1.9405137753055897,2015,9,37
2015-09-18,2.535420348023763,2015,9,37
2015-09-19,2.71769556144136,2015,9,37
2015-09-20,3.179696649283869,2015,9,37
2015-09-21,1.9151604721264448,2015,9,38
2015-09-22,2.202951626473805,2015,9,38
2015-09-23,2.494123169075465,2015,9,38
2015-09-24,2.211263303499436,2015,9,38
2015-09-25,2.044458178424975,2015,9,38
2015-09-26,2.7937092780775856,2015,9,38
2015-09-27,3.173076896200655,2015,9,38
2015-09-28,2.4384113576670643,2015,9,39
2015-09-29,1.8910897724272218,2015,9,39
2015-09-30,2.4474598375090864,2015,9,39
2015-10-01,2.5042376888741273,2015,10,39
2015-10-02,2.5847974911157507,2015,10,39
2015-10-03,3.4321166520530824,2015,10,39
2015-10-04,3.063085603673244,2015,10,39
2015-10-05,2.755108587007271,2015,10,40
2015-10-06,3.172532941942336,2015,10,40
2015-10-07,2.5524317177769262,2015,10,40
2015-10-08,2.601746597356396,2015,10,40
2015-10-09,2.3023533274244983,2015,10,40
2015-10-10,3.7599411140254233,2015,10,40
2015-10-11,3.3872025135497097,2015,10,40
2015-10-12,3.0501715313002933,2015,10,41
2015-10-13,2.4822773188643623,2015,10,41
2015-10-14,2.932294996251585,2015,10,41
2015-10-15,3.1059690895781387,2015,10,41
2015-10-16,2.695612593583064,2015,10,41
2015-10-17,3.045584288338432,2015,10,41
2015-10-18,3.3839058796002064,2015,10,41
2015-10-19,3.1154790406872053,2015,10,42
2015-10-20,2.2787662803020794,2015,10,42
2015-10-21,2.5036149393126834,2015,10,42
2015-10-22,3.18254593925667,2015,10,42
2015-10-23,2.860496040462749,2015,10,42
2015-10-24,3.824728542851517,2015,10,42
2015-10-25,3.69080404509441,2015,10,42
2015-10-26,2.2947751102328766,2015,10,43
2015-10-27,2.547429867350729,2015,10,43
2015-10-28,2.7575022680975962,2015,10,43
2015-10-29,2.955820282950299,2015,10,43
2015-10-30,2.5301127513230313,2015,10,43
2015-10-31,3.340158351842547,2015,10,43
2015-11-01,4.24615843812353,2015,11,43
2015-11-02,3.015162612515269,2015,11,44
2015-11-03,3.8213149108632933,2015,11,44
2015-11-04,3.2805690646346193,2015,11,44
2015-11-05,3.1361436834267806,2015,11,44
2015-11-06,3.8343808471399825,2015,11,44
2015-11-07,4.358422002143925,2015,11,44
2015-11-08,3.931991836609086,2015,11,44
2015-11-09,3.7787155580881517,2015,11,45
2015-11-10,3.093760266172467,2015,11,45
2015-11-11,3.8372182696766686,2015,11,45
2015-11-12,3.3654780143115204,2015,11,45
2015-11-13,2.997296578454552,2015,11,45
2015-11-14,4.146122980018845,2015,11,45
2015-11-15,3.810265872249147,2015,11,45
2015-11-16,3.7173127825080883,2015,11,46
2015-11-17,3.214985996921314,2015,11,46
2015-11-18,3.7606994290545117,2015,11,46
2015-11-19,2.914652822742937,2015,11,46
2015-11-20,3.4270547574560624,2015,11,46
2015-11-21,3.9957096000143792,2015,11,46
2015-11-22,4.394673972943565,2015,11,46
2015-11-23,3.3738484088971745,2015,11,47
2015-11-24,3.109375738276867,2015,11,47
2015-11-25,3.396164466132177,2015,11,47
2015-11-26,2.8965455307334196,2015,11,47
2015-11-27,2.975510417687474,2015,11,47
2015-11-28,3.8353458431956824,2015,11,47
2015-11-29,4.062075880909106,2015,11,47
2015-11-30,3.1899972296960186,2015,11,48
2015-12-01,4.26846332140849,2015,12,48
2015-12-02,3.5388576105760876,2015,12,48
2015-12-03,4.12721819235594,2015,12,48
2015-12-04,4.241682143561775,2015,12,48
2015-12-05,4.624322528514313,2015,12,48
2015-12-06,4.374915391468676,2015,12,48
2015-12-07,3.645006715931231,2015,12,49
2015-12-08,3.939159181813011,2015,12,49
2015-12-09,4.167765032645548,2015,12,49
2015-12-10,3.5848241242638323,2015,12,49
2015-12-11,4.09689512141631,2015,12,49
2015-12-12,4.866320031491341,2015,12,49
2015-12-13,5.13412305249949,2015,12,49
2015-12-14,4.499282439850504,2015,12,50
2015-12-15,3.6454951785563026,2015,12,50
2015-12-16,3.718530405923957,2015,12,50
2015-12-17,3.715499656420434,2015,12,50
2015-12-18,3.9837696004251484,2015,12,50
2015-12-19,4.36222911303048,2015,12,50
2015-12-20,5.132664509612368,2015,12,50
2015-12-21,3.627987902291352,2015,12,51
2015-12-22,4.353380141692469,2015,12,51
2015-12-23,3.6296056950523052,2015,12,51
2015-12-24,4.500709241168806,2015,12,51
2015-12-25,3.5339422669785563,2015,12,51
2015-12-26,4.656241280055838,2015,12,51
2015-12-27,5.143991564895259,2015,12,51
2015-12-28,3.9680703842605,2015,12,52
2015-12-29,3.8721752517449204,2015,12,52
2015-12-30,3.833734230749542,2015,12,52
2015-12-31,4.515232215082506,2015,12,52
2016-01-01,4.4528751630859915,2016,1,0
2016-01-02,4.170540386141511,2016,1,0
2016-01-03,4.257579065888422,2016,1,0
2016-01-04,4.069698653795058,2016,1,1
2016-01-05,4.149277354037622,2016,1,1
2016-01-06,4.322191829007352,2016,1,1
2016-01-07,4.01010764730745,2016,1,1
2016-01-08,4.335753973486135,2016,1,1
2016-01-09,5.146163217519643,2016,1,1
2016-01-10,5.085904362640576,2016,1,1
2016-01-11,3.80016201842227,2016,1,2
2016-01-12,3.627372649643803,2016,1,2
2016-01-13,3.5941920472832862,2016,1,2
2016-01-14,3.715904663229594,2016,1,2
2016-01-15,4.12055579238222,2016,1,2
2016-01-16,4.1591924457170535,2016,1,2
2016-01-17,4.64251595994574,2016,1,2
2016-01-18,4.183977166103432,2016,1,3
2016-01-19,3.7292790281644557,2016,1,3
2016-01-20,4.1930821267014835,2016,1,3
2016-01-21,4.08120243033045,2016,1,3
2016-01-22,4.272702037967974,2016,1,3
2016-01-23,4.549785914627137,2016,1,3
2016-01-24,4.993982915795641,2016,1,3
2016-01-25,3.7772248640249018,2016,1,4
2016-01-26,4.414661860471824,2016,1,4
2016-01-27,4.2203361619322095,2016,1,4
2016-01-28,4.4451450096967164,2016,1,4
2016-01-29,3.8986515932774637,2016,1,4
2016-01-30,4.773397822660627,2016,1,4
2016-01-31,4.191583667910891,2016,1,4
2016-02-01,3.5346744048583787,2016,2,5
2016-02-02,2.891023452131776,2016,2,5
2016-02-03,3.464364638290135,2016,2,5
2016-02-04,3.167780604417203,2016,2,5
2016-02-05,3.4975489109929185,2016,2,5
2016-02-06,4.443822203058517,2016,2,5
2016-02-07,4.08998442007578,2016,2,5
2016-02-08,3.6860405443876516,2016,2,6
2016-02-09,3.187517380778445,2016,2,6
2016-02-10,3.7748467300261836,2016,2,6
2016-02-11,3.7420748327567708,2016,2,6
2016-02-12,3.724094112374587,2016,2,6
2016-02-13,3.58886985303252,2016,2,6
2016-02-14,4.140678645664593,2016,2,6
2016-02-15,3.3977554563607555,2016,2,7
2016-02-16,2.9529168624139857,2016,2,7
2016-02-17,3.111166586604668,2016,2,7
2016-02-18,3.468456075032009,2016,2,7
2016-02-19,3.2492419690534007,2016,2,7
2016-02-20,4.461662026675185,2016,2,7
2016-02-21,3.573300405725604,2016,2,7
2016-02-22,2.8873613739560824,2016,2,8
2016-02-23,3.1770004473801237,2016,2,8
2016-02-24,3.1043172196659725,2016,2,8
2016-02-25,3.5755937397188973,2016,2,8
2016-02-26,3.7518897067930084,2016,2,8
2016-02-27,3.546607183845481,2016,2,8
2016-02-28,4.218278285203269,2016,2,8
2016-02-29,3.0537619548558723,2016,2,9
2016-03-01,3.0305188987695146,2016,3,9
2016-03-02,2.3913128625426907,2016,3,9
2016-03-03,2.9216598926868755,2016,3,9
2016-03-04,2.76573204252054,2016,3,9
2016-03-05,3.58020855174982,2016,3,9
2016-03-06,3.1397475641279016,2016,3,9
2016-03-07,2.7513012099370826,2016,3,10
2016-03-08,3.0677989565592725,2016,3,10
2016-03-09,2.4251648567442317,2016,3,10
2016-03-10,3.1101061578665394,2016,3,10
2016-03-11,2.355405702983262,2016,3,10
2016-03-12,3.746646344574401,2016,3,10
2016-03-13,3.389629323646659,2016,3,10
2016-03-14,2.5311584808223415,2016,3,11
2016-03-15,2.5821936799038667,2016,3,11
2016-03-16,2.8151116734661628,2016,3,11
2016-03-17,2.429688951029675,2016,3,11
2016-03-18,2.6848311291832943,2016,3,11
2016-03-19,3.537031735671917,2016,3,11
2016-03-20,3.2955481728131417,2016,3,11
2016-03-21,2.806435877952026,2016,3,12
2016-03-22,2.44108331183088,2016,3,12
2016-03-23,3.173764685197966,2016,3,12
2016-03-24,2.919033855694579,2016,3,12
2016-03-25,2.376496675919043,2016,3,12
2016-03-26,3.252096140437061,2016,3,12
2016-03-27,3.177512622816721,2016,3,12
2016-03-28,3.0507173531514127,2016,3,13
2016-03-29,2.7155880609352607,2016,3,13
2016-03-30,2.686905654409202,2016,3,13
2016-03-31,2.3250562774774153,2016,3,13
2016-04-01,1.9774350862426218,2016,4,13
2016-04-02,2.6215844000398647,2016,4,13
2016-04-03,2.6239442666701507,2016,4,13
2016-04-04,1.8433192366210278,2016,4,14
2016-04-05,2.3934854204708245,2016,4,14
2016-04-06,1.619770977034932,2016,4,14
2016-04-07,2.002659811259946,2016,4,14
2016-04-08,1.9921673437056597,2016,4,14
2016-04-09,2.6914298115007114,2016,4,14
2016-04-10,2.530295450676931,2016,4,14
2016-04-11,2.4071372843754943,2016,4,15
2016-04-12,2.4752947651722934,2016,4,15
2016-04-13,2.548475369665539,2016,4,15
2016-04-14,1.8767986650054809,2016,4,15
2016-04-15,2.2793389634171035,2016,4,15
2016-04-16,2.9450606850150507,2016,4,15
2016-04-17,2.4353068184282165,2016,4,15
2016-04-18,2.1606082737853285,2016,4,16
2016-04-19,2.2274131014419254,2016,4,16
2016-04-20,1.7119692497362848,2016,4,16
2016-04-21,2.188739924080437,2016,4,16
2016-04-22,2.249751154653495,2016,4,16
2016-04-23,2.4222287258307915,2016,4,16
2016-04-24,2.6914066564932,2016,4,16
2016-04-25,2.521387286571553,2016,4,17
2016-04-26,2.169845666125184,2016,4,17
2016-04-27,2.546131048904499,2016,4,17
2016-04-28,2.3486418848333415,2016,4,17
2016-04-29,2.3206669025530573,2016,4,17
2016-04-30,2.7790160546719562,2016,4,17
2016-05-01,2.5688260309689213,2016,5,17
2016-05-02,1.9058747656235937,2016,5,18
2016-05-03,1.138866589317331,2016,5,18
2016-05-04,1.5083366175240371,2016,5,18
2016-05-05,1.60720091467374,2016,5,18
2016-05-06,1.0672610352339689,2016,5,18
2016-05-07,1.630297476920532,2016,5,18
2016-05-08,2.3630051159125287,2016,5,18
2016-05-09,1.9196509953180794,2016,5,19
2016-05-10,1.073023281438509,2016,5,19
2016-05-11,1.3645873325003777,2016,5,19
2016-05-12,0.9898387225402985,2016,5,19
2016-05-13,1.3767286137735937,2016,5,19
2016-05-14,1.8010781181801576,2016,5,19
2016-05-15,2.5101654206227977,2016,5,19
2016-05-16,1.190573287109146,2016,5,20
2016-05-17,1.9442706861591432,2016,5,20
2016-05-18,1.2340974581020419,2016,5,20
2016-05-19,1.4938765847182367,2016,5,20
2016-05-20,1.9082862896902952,2016,5,20
2016-05-21,2.4970037669700105,2016,5,20
2016-05-22,2.541128026350634,2016,5,20
2016-05-23,1.263361666497076,2016,5,21
2016-05-24,1.7284483918047044,2016,5,21
2016-05-25,1.1517296602542046,2016,5,21
2016-05-26,1.0637008223275188,2016,5,21
2016-05-27,1.0483262845373247,2016,5,21
2016-05-28,2.1013230621174444,2016,5,21
2016-05-29,2.169740870856913,2016,5,21
2016-05-30,1.6492536472214852,2016,5,22
2016-05-31,1.2139071518613491,2016,5,22
2016-06-01,0.7662844776350539,2016,6,22
2016-06-02,0.8620109806943219,2016,6,22
2016-06-03,0.8889611330523621,2016,6,22
2016-06-04,1.8809508814883884,2016,6,22
2016-06-05,1.1229118996707257,2016,6,22
2016-06-06,0.36002900821040384,2016,6,23
2016-06-07,0.4197190359409433,2016,6,23
2016-06-08,0.33628720717388205,2016,6,23
2016-06-09,1.2411797248932999,2016,6,23
2016-06-10,1.0672258455015253,2016,6,23
2016-06-11,1.5559387384855654,2016,6,23
2016-06-12,1.328225939621916,2016,6,23
2016-06-13,0.6622708318463992,2016,6,24
2016-06-14,0.6483195123437326,2016,6,24
2016-06-15,0.9482920444279443,2016,6,24
2016-06-16,0.95374607082339935,2016,6,24
2016-06-17,1.301198961416958,2016,6,24
2016-06-18,1.819954785372829,2016,6,24
2016-06-19,1.5921030068711843,2016,6,24
2016-06-20,0.7303042376588564,2016,6,25
2016-06-21,1.2417172819550615,2016,6,25
2016-06-22,0.772201895219041,2016,6,25
2016-06-23,1.2350525757938158,2016,6,25
2016-06-24,0.34713503971579485,2016,6,25
2016-06-25,1.292469155829167,2016,6,25
2016-06-26,1.2066073488385882,2016,6,25
2016-06-27,1.0979115762456786,2016,6,26
2016-06-28,0.6168345724872779,2016,6,26
2016-06-29,0.5782383812766057,2016,6,26
2016-06-30,0.792115847551031,2016,6,26
2016-07-01,0.3910670976329129,2016,7,26
2016-07-02,1.1771253641636577,2016,7,26
2016-07-03,1.065276369539788,2016,7,26
2016-07-04,0.4007586745719891,2016,7,27
2016-07-05,0.7616670506249648,2016,7,27
2016-07-06,1.3032055103394669,2016,7,27
2016-07-07,1.284617097087903,2016,7,27
2016-07-08,1.1183754545345437,2016,7,27
2016-07-09,1.492266050860053,2016,7,27
2016-07-10,1.4063055544102099,2016,7,27
2016-07-11,0.5318141486204695,2016,7,28
2016-07-12,0.5514188992965501,2016,7,28
2016-07-13,0.9118797476112377,2016,7,28
2016-07-14,0.5790180025796872,2016,7,28
2016-07-15,1.0781835990201216,2016,7,28
2016-07-16,1.5020759167091455,2016,7,28
2016-07-17,1.0481551749107894,2016,7,28
2016-07-18,0.471286346873967,2016,7,29
2016-07-19,0.4665657458535861,2016,7,29
2016-07-20,1.3113481620966922,2016,7,29
2016-07-21,0.3468722686811816,2016,7,29
2016-07-22,0.9275142976257484,2016,7,29
2016-07-23,1.0526504466251936,2016,7,29
2016-07-24,1.4599554493033793,2016,7,29
2016-07-25,0.5082012968778145,2016,7,30
2016-07-26,0.8280018423392903,2016,7,30
2016-07-27,0.7059554659936111,2016,7,30
2016-07-28,0.9094452783174347,2016,7,30
2016-07-29,1.2415239966649096,2016,7,30
2016-07-30,1.5340877734997775,2016,7,30
2016-07-31,1.7634319342614617,2016,7,30
2016-08-01,1.7298729013709817,2016,8,31
2016-08-02,1.5699033726996277,2016,8,31
2016-08-03,1.4961221634002868,2016,8,31
2016-08-04,1.2478187511733267,2016,8,31
2016-08-05,1.0865283244347665,2016,8,31
2016-08-06,2.076053824304836,2016,8,31
2016-08-07,1.9594465422269423,2016,8,31
2016-08-08,1.6703607583476696,2016,8,32
2016-08-09,1.91390842400142,2016,8,32
2016-08-10,1.269458833761746,2016,8,32
2016-08-11,1.7830649285169784,2016,8,32
2016-08-12,1.8175559389928821,2016,8,32
2016-08-13,1.6380298696749378,2016,8,32
2016-08-14,2.455868166201981,2016,8,32
2016-08-15,1.438480240671197,2016,8,33
2016-08-16,1.0840450880641583,2016,8,33
2016-08-17,1.618235544214258,2016,8,33
2016-08-18,1.1898984037397895,2016,8,33
2016-08-19,1.422529774630675,2016,8,33
2016-08-20,2.4783233574416954,2016,8,33
2016-08-21,2.385418763413327,2016,8,33
2016-08-22,1.008120397949824,2016,8,34
2016-08-23,1.0301314759126399,2016,8,34
2016-08-24,1.624991158634657,2016,8,34
2016-08-25,1.1912133508885745,2016,8,34
2016-08-26,1.554652789287502,2016,8,34
2016-08-27,1.922261455358239,2016,8,34
2016-08-28,2.5913927753281314,2016,8,34
2016-08-29,1.6711316613072995,2016,8,35
2016-08-30,0.9655096422939096,2016,8,35
2016-08-31,1.732073815917829,2016,8,35
2016-09-01,1.804130924952915,2016,9,35
2016-09-02,2.2933990115707275,2016,9,35
2016-09-03,2.983503112074686,2016,9,35
2016-09-04,2.4719767714559566,2016,9,35
2016-09-05,2.556866534141591,2016,9,36
2016-09-06,2.1886830312141683,2016,9,36
2016-09-07,2.4033578239323106,2016,9,36
2016-09-08,2.5385022588016,2016,9,36
2016-09-09,1.6804926780459937,2016,9,36
2016-09-10,2.8972512823238503,2016,9,36
2016-09-11,3.2210843197244685,2016,9,36
2016-09-12,1.8562308224791195,2016,9,37
2016-09-13,1.6433359755610581,2016,9,37
2016-09-14,2.5895217276120093,2016,9,37
2016-09-15,1.736750518757617,2016,9,37
2016-09-16,1.780090488580754,2016,9,37
2016-09-17,2.7164444632071536,2016,9,37
2016-09-18,2.8697346963163,2016,9,37
2016-09-19,2.5908788264205214,2016,9,38
2016-09-20,1.7034344431885984,2016,9,38
2016-09-21,2.2975825481989887,2016,9,38
2016-09-22,1.6052084584662225,2016,9,38
2016-09-23,2.3713256920163985,2016,9,38
2016-09-24,2.55362919808249,2016,9,38
2016-09-25,3.191662497323705,2016,9,38
2016-09-26,1.799297335644951,2016,9,39
2016-09-27,2.4415336715464946,2016,9,39
2016-09-28,2.091366007080069,2016,9,39
2016-09-29,1.7142367557098623,2016,9,39
2016-09-30,1.9552627746888902,2016,9,39
2016-10-01,3.6362725916842464,2016,10,39
2016-10-02,3.264874398621032,2016,10,39
2016-10-03,2.701973662507953,2016,10,40
2016-10-04,2.35280391460401,2016,10,40
2016-10-05,3.2081345755432267,2016,10,40
2016-10-06,3.2335565192915965,2016,10,40
2016-10-07,2.649290124682011,2016,10,40
2016-10-08,3.7427506159583572,2016,10,40
2016-10-09,2.9385767575877253,2016,10,40
2016-10-10,2.9295195683662314,2016,10,41
2016-10-11,2.9340414433099795,2016,10,41
2016-10-12,2.5594376230437774,2016,10,41
2016-10-13,2.8839789282355923,2016,10,41
2016-10-14,2.8866959419392515,2016,10,41
2016-10-15,3.368178021541098,2016,10,41
2016-10-16,3.7312099651026074,2016,10,41
2016-10-17,2.390818092302652,2016,10,42
2016-10-18,2.666781009436818,2016,10,42
2016-10-19,2.446218251279788,2016,10,42
2016-10-20,3.2243336173996795,2016,10,42
2016-10-21,2.7404228626110125,2016,10,42
2016-10-22,3.2496769611316267,2016,10,42
2016-10-23,3.725600165227661,2016,10,42
2016-10-24,2.939860520680668,2016,10,43
2016-10-25,2.603217784577282,2016,10,43
2016-10-26,2.619064161350252,2016,10,43
2016-10-27,2.4372140448831487,2016,10,43
2016-10-28,3.027950995397987,2016,10,43
2016-10-29,2.878632971929619,2016,10,43
2016-10-30,3.8062314488051925,2016,10,43
2016-10-31,2.9348947841499466,2016,10,44
2016-11-01,3.139771733636735,2016,11,44
2016-11-02,3.5524538277823012,2016,11,44
2016-11-03,3.363828872301383,2016,11,44
2016-11-04,3.791784710221691,2016,11,44
2016-11-05,3.8222791264706757,2016,11,44
2016-11-06,4.445543696259847,2016,11,44
2016-11-07,3.1480972228746396,2016,11,45
2016-11-08,3.330142511957092,2016,11,45
2016-11-09,3.594664378062589,2016,11,45
2016-11-10,3.7899641275580507,2016,11,45
2016-11-11,3.400142673373921,2016,11,45
2016-11-12,4.017293489159783,2016,11,45
2016-11-13,3.5665611653530505,2016,11,45
2016-11-14,3.1364097189798485,2016,11,46
2016-11-15,3.6755006157036405,2016,11,46
2016-11-16,3.0851838043599855,2016,11,46
2016-11-17,3.7681124009832274,2016,11,46
2016-11-18,3.2513373507827055,2016,11,46
2016-11-19,3.7867194331192877,2016,11,46
2016-11-20,4.106743984477362,2016,11,46
2016-11-21,3.052470144088147,2016,11,47
2016-11-22,3.376089344470529,2016,11,47
2016-11-23,3.8504032080236357,2016,11,47
2016-11-24,3.466622492967872,2016,11,47
2016-11-25,3.6778174603532534,2016,11,47
2016-11-26,4.095615658996394,2016,11,47
2016-11-27,4.058644096221542,2016,11,47
2016-11-28,3.6495912433310878,2016,11,48
2016-11-29,3.029274912289111,2016,11,48
2016-11-30,3.279376304912148,2016,11,48
2016-12-01,4.332287731493125,2016,12,48
2016-12-02,4.477591353148455,2016,12,48
2016-12-03,4.196781545440899,2016,12,48
2016-12-04,4.827525261353003,2016,12,48
2016-12-05,3.691662727302173,2016,12,49
2016-12-06,3.6449092565162573,2016,12,49
2016-12-07,3.6610025350528304,2016,12,49
2016-12-08,3.919603973539779,2016,12,49
2016-12-09,3.7443228051124606,2016,12,49
2016-12-10,4.85536131754634,2016,12,49
2016-12-11,4.315456209500553,2016,12,49
2016-12-12,3.869095447618747,2016,12,50
2016-12-13,3.8617044372076634,2016,12,50
2016-12-14,4.163530421123141,2016,12,50
2016-12-15,3.9342876783630345,2016,12,50
2016-12-16,4.19657895542332,2016,12,50
2016-12-17,5.1534063071303535,2016,12,50
2016-12-18,5.062123498675646,2016,12,50
2016-12-19,3.8688794427143876,2016,12,51
2016-12-20,3.785878142953152,2016,12,51
2016-12-21,3.850767978146905,2016,12,51
2016-12-22,4.021845293842489,2016,12,51
2016-12-23,3.5475031870009843,2016,12,51
2016-12-24,4.443451263970928,2016,12,51
2016-12-25,4.817037879751297,2016,12,51
2016-12-26,3.6584226220438723,2016,12,52
2016-12-27,3.644429438660154,2016,12,52
2016-12-28,3.560810512310127,2016,12,52
2016-12-29,3.817178391298512,2016,12,52
2016-12-30,4.106090067798505,2016,12,52
2016-12-31,4.196884859848069,2016,12,52
2017-01-01,4.8845975678705145,2017,1,0
2017-01-02,4.424952017754549,2017,1,1
2017-01-03,4.267219444183866,2017,1,1
2017-01-04,3.9338039047142956,2017,1,1
2017-01-05,3.6108449969033245,2017,1,1
2017-01-06,3.952345697587589,2017,1,1
2017-01-07,4.287635360407876,2017,1,1
2017-01-08,4.1888979845971335,2017,1,1
2017-01-09,3.6554823444748763,2017,1,2
2017-01-10,3.8858277452236507,2017,1,2
2017-01-11,3.7740944685938302,2017,1,2
2017-01-12,4.044944635272259,2017,1,2
2017-01-13,4.096152180718491,2017,1,2
2017-01-14,4.6049004569940735,2017,1,2
2017-01-15,4.882234947319375,2017,1,2
2017-01-16,3.864797531539807,2017,1,3
2017-01-17,3.736106268974254,2017,1,3
2017-01-18,4.519986367464298,2017,1,3
2017-01-19,3.5306688096898142,2017,1,3
2017-01-20,4.463085798692191,2017,1,3
2017-01-21,4.988242858584272,2017,1,3
2017-01-22,4.487890995602356,2017,1,3
2017-01-23,4.259396132460097,2017,1,4
2017-01-24,3.6674419172632042,2017,1,4
2017-01-25,3.770271315384889,2017,1,4
2017-01-26,4.239558788161958,2017,1,4
2017-01-27,3.6700667097757105,2017,1,4
2017-01-28,4.980775990552502,2017,1,4
2017-01-29,4.540421293844702,2017,1,4
2017-01-30,3.9647962855233345,2017,1,5
2017-01-31,4.071623881958658,2017,1,5
2017-02-01,2.987891600903822,2017,2,5
2017-02-02,3.6522412907506805,2017,2,5
2017-02-03,3.2479600850201678,2017,2,5
2017-02-04,4.434519455622649,2017,2,5
2017-02-05,4.238601057877531,2017,2,5
2017-02-06,3.0849926513328683,2017,2,6
2017-02-07,3.068308253743453,2017,2,6
2017-02-08,3.5013879174075555,2017,2,6
2017-02-09,3.0871451757557224,2017,2,6
2017-02-10,3.7959464760206174,2017,2,6
2017-02-11,3.830579347530147,2017,2,6
2017-02-12,3.7004726660379674,2017,2,6
2017-02-13,3.8083403918135446,2017,2,7
2017-02-14,3.2988793807744514,2017,2,7
2017-02-15,3.500554501748411,2017,2,7
2017-02-16,2.9252610134135466,2017,2,7
2017-02-17,3.741617867926834,2017,2,7
2017-02-18,4.129874944774201,2017,2,7
2017-02-19,3.9737521739152726,2017,2,7
2017-02-20,3.1477186164993327,2017,2,8
2017-02-21,3.140497389686061,2017,2,8
2017-02-22,3.0645187315240037,2017,2,8
2017-02-23,3.533830015192507,2017,2,8
2017-02-24,3.1047216325241607,2017,2,8
2017-02-25,3.5419515856483486,2017,2,8
2017-02-26,4.188430117763346,2017,2,8
2017-02-27,2.966402049845783,2017,2,9
2017-02-28,2.902310588367982,2017,2,9
2017-03-01,2.467940312140854,2017,3,9
2017-03-02,2.5806918000162113,2017,3,9
2017-03-03,2.25790937061538,2017,3,9
2017-03-04,3.0305683022888843,2017,3,9
2017-03-05,3.0034913580457214,2017,3,9
2017-03-06,2.413454566645669,2017,3,10
2017-03-07,3.165705133258598,2017,3,10
2017-03-08,2.9279359530482907,2017,3,10
2017-03-09,2.2578252372622956,2017,3,10
2017-03-10,2.882948380924063,2017,3,10
2017-03-11,3.70413614824065,2017,3,10
2017-03-12,3.3325959699286614,2017,3,10
2017-03-13,2.72169971166295,2017,3,11
2017-03-14,2.950004474289017,2017,3,11
2017-03-15,2.7118699513666797,2017,3,11
2017-03-16,2.5190118195314426,2017,3,11
2017-03-17,2.2537860917218495,2017,3,11
2017-03-18,2.8967307886632625,2017,3,11
2017-03-19,3.1084853111824486,2017,3,11
2017-03-20,3.1212959108233918,2017,3,12
2017-03-21,3.175346579431789,2017,3,12
2017-03-22,2.6542363146145362,2017,3,12
2017-03-23,2.397025553538697,2017,3,12
2017-03-24,2.6029822330747265,2017,3,12
2017-03-25,3.2498034326417837,2017,3,12
2017-03-26,3.4377912142372224,2017,3,12
2017-03-27,2.553732507425593,2017,3,13
2017-03-28,3.0236013413232286,2017,3,13
2017-03-29,3.1645651310973335,2017,3,13
2017-03-30,2.9104374239977915,2017,3,13
2017-03-31,2.5507062818214763,2017,3,13
2017-04-01,3.0567552779975813,2017,4,13
2017-04-02,2.8461332164879423,2017,4,13
2017-04-03,2.1222982707840856,2017,4,14
2017-04-04,2.200423039117595,2017,4,14
2017-04-05,1.910930085083237,2017,4,14
2017-04-06,2.248494307132205,2017,4,14
2017-04-07,1.9858169491344597,2017,4,14
2017-04-08,2.8266400783031713,2017,4,14
2017-04-09,3.0283717631537,2017,4,14
2017-04-10,1.9041813340445515,2017,4,15
2017-04-11,1.8017656268493738,2017,4,15
2017-04-12,2.1118300830421504,2017,4,15
2017-04-13,1.774040282558417,2017,4,15
2017-04-14,1.87639193245559,2017,4,15
2017-04-15,2.8566911620728206,2017,4,15
2017-04-16,2.5745297306857537,2017,4,15
2017-04-17,2.333787435287377,2017,4,16
2017-04-18,1.83043117201305,2017,4,16
2017-04-19,1.6493102059175726,2017,4,16
2017-04-20,2.5743005411641207,2017,4,16
2017-04-21,2.38758460743702,2017,4,16
2017-04-22,3.0921874122868758,2017,4,16
2017-04-23,2.738406979915453,2017,4,16
2017-04-24,2.3458240563923027,2017,4,17
2017-04-25,2.0319833584071603,2017,4,17
2017-04-26,1.7742170666751917,2017,4,17
2017-04-27,2.4697429357038345,2017,4,17
2017-04-28,1.826878846710315,2017,4,17
2017-04-29,3.1641322418290656,2017,4,17
2017-04-30,3.068657007039292,2017,4,17
2017-05-01,1.087948139902437,2017,5,18
2017-05-02,1.7361815985350404,2017,5,18
2017-05-03,1.8064881881291512,2017,5,18
2017-05-04,1.123772042017663,2017,5,18
2017-05-05,1.2260106847679708,2017,5,18
2017-05-06,2.5622865946788806,2017,5,18
2017-05-07,2.144740498421015,2017,5,18
2017-05-08,1.4686963950807694,2017,5,19
2017-05-09,1.6470553280378226,2017,5,19
2017-05-10,1.5317430045979563,2017,5,19
2017-05-11,1.5153134031279478,2017,5,19
2017-05-12,1.2308125995623413,2017,5,19
2017-05-13,1.6638419844966847,2017,5,19
2017-05-14,2.5456914562091697,2017,5,19
2017-05-15,1.2686271652637515,2017,5,20
2017-05-16,1.1557563386450056,2017,5,20
2017-05-17,1.9005186193680856,2017,5,20
2017-05-18,1.7739226174599025,2017,5,20
2017-05-19,1.5309330275340471,2017,5,20
2017-05-20,2.4699940008867998,2017,5,20
2017-05-21,1.7937167303462047,2017,5,20
2017-05-22,1.4846467381867114,2017,5,21
2017-05-23,1.218274853337789,2017,5,21
2017-05-24,1.0814396090863738,2017,5,21
2017-05-25,1.8172131985484157,2017,5,21
2017-05-26,1.0137023012212012,2017,5,21
2017-05-27,2.2274497608013917,2017,5,21
2017-05-28,2.2116198062722106,2017,5,21
2017-05-29,1.1471495501755271,2017,5,22
2017-05-30,1.0193744515127037,2017,5,22
2017-05-31,1.46483929749229,2017,5,22
2017-06-01,0.6551873692951631,2017,6,22
2017-06-02,1.0454162528913002,2017,6,22
2017-06-03,1.7136640633398201,2017,6,22
2017-06-04,1.9080450465844478,2017,6,22
2017-06-05,0.5664005195430946,2017,6,23
2017-06-06,0.5097360931977164,2017,6,23
2017-06-07,1.1405917508236598,2017,6,23
2017-06-08,0.6727727183315437,2017,6,23
2017-06-09,0.7438864642463159,2017,6,23
2017-06-10,1.7909315015131142,2017,6,23
2017-06-11,1.430091615387937,2017,6,23
2017-06-12,0.6438536275818478,2017,6,24
2017-06-13,1.224129724985687,2017,6,24
2017-06-14,1.24867142594303,2017,6,24
2017-06-15,0.774876070645405,2017,6,24
2017-06-16,1.172362802986754,2017,6,24
2017-06-17,1.8276037509494927,2017,6,24
2017-06-18,0.9990836175566074,2017,6,24
2017-06-19,0.7997327188204508,2017,6,25
2017-06-20,0.9849816441710573,2017,6,25
2017-06-21,0.9535548621497583,2017,6,25
2017-06-22,0.39870570829953067,2017,6,25
2017-06-23,0.8987082189123612,2017,6,25
2017-06-24,1.0220322709938046,2017,6,25
2017-06-25,1.5723299918172415,2017,6,25
2017-06-26,0.8488506483554374,2017,6,26
2017-06-27,0.943467606062768,2017,6,26
2017-06-28,0.8433871573943179,2017,6,26
2017-06-29,0.9859160161286127,2017,6,26
2017-06-30,0.8077335986017715,2017,6,26
2017-07-01,1.6872197660559323,2017,7,26
2017-07-02,1.8474652914737817,2017,7,26
2017-07-03,1.1601032507314812,2017,7,27
2017-07-04,0.9367783846973907,2017,7,27
2017-07-05,0.45303670267458074,2017,7,27
2017-07-06,0.5712259853899013,2017,7,27
2017-07-07,0.3251036489091348,2017,7,27
2017-07-08,1.4981252039724495,2017,7,27
2017-07-09,1.013478471984854,2017,7,27
2017-07-10,0.6242673536471557,2017,7,28
2017-07-11,0.59117252213764,2017,7,28
2017-07-12,0.7936283612798434,2017,7,28
2017-07-13,0.40753827986191027,2017,7,28
2017-07-14,0.4462617789104115,2017,7,28
2017-07-15,1.1671054559701588,2017,7,28
2017-07-16,1.4046555146051105,2017,7,28
2017-07-17,1.2078361115127336,2017,7,29
2017-07-18,0.8617732175334822,2017,7,29
2017-07-19,1.2471768380783033,2017,7,29
2017-07-20,0.562199526670156,2017,7,29
2017-07-21,1.0201196300040465,2017,7,29
2017-07-22,1.4669738259108271,2017,7,29
2017-07-23,1.599735453579342,2017,7,29
2017-07-24,0.5790240054193418,2017,7,30
2017-07-25,1.1477176213811617,2017,7,30
2017-07-26,0.5805651195987593,2017,7,30
2017-07-27,0.4370952644094359,2017,7,30
2017-07-28,0.7397852423309814,2017,7,30
2017-07-29,1.8526484312897082,2017,7,30
2017-07-30,1.6387603672628757,2017,7,30
2017-07-31,0.5627589365176391,2017,7,31
2017-08-01,1.3809942746593151,2017,8,31
2017-08-02,1.569847086822847,2017,8,31
2017-08-03,1.5379561338631902,2017,8,31
2017-08-04,1.5008713571878616,2017,8,31
2017-08-05,2.4260725330386776,2017,8,31
2017-08-06,1.96388771085185,2017,8,31
2017-08-07,1.3500619143305812,2017,8,32
2017-08-08,1.6144528343866114,2017,8,32
2017-08-09,1.4210755959211383,2017,8,32
2017-08-10,1.8040026306698564,2017,8,32
2017-08-11,1.6577534379030112,2017,8,32
2017-08-12,1.860516059474321,2017,8,32
2017-08-13,1.6962562538974453,2017,8,32
2017-08-14,1.7251517895201687,2017,8,33
2017-08-15,1.6690592371451203,2017,8,33
2017-08-16,1.7028255540935788,2017,8,33
2017-08-17,1.2586773737857584,2017,8,33
2017-08-18,1.4241232922358904,2017,8,33
2017-08-19,1.7196403860871214,2017,8,33
2017-08-20,1.599486854422139,2017,8,33
2017-08-21,1.000869990704814,2017,8,34
2017-08-22,1.3602594727708492,2017,8,34
2017-08-23,1.1996511124598328,2017,8,34
2017-08-24,1.5826676249562297,2017,8,34
2017-08-25,1.0832996495591942,2017,8,34
2017-08-26,1.907138417038368,2017,8,34
2017-08-27,1.7113987480115611,2017,8,34
2017-08-28,1.349810086103389,2017,8,35
2017-08-29,1.9105022357834969,2017,8,35
2017-08-30,1.6011804960726295,2017,8,35
2017-08-31,1.0750679791963194,2017,8,35
2017-09-01,1.9657905880303588,2017,9,35
2017-09-02,3.0743911168246996,2017,9,35
2017-09-03,3.013702085678233,2017,9,35
2017-09-04,2.3111074611952063,2017,9,36
2017-09-05,2.352946698287269,2017,9,36
2017-09-06,1.792034941347083,2017,9,36
2017-09-07,2.442690531112021,2017,9,36
2017-09-08,1.874423186382046,2017,9,36
2017-09-09,2.6004404490522575,2017,9,36
2017-09-10,2.574479453935055,2017,9,36
2017-09-11,1.8760806669888552,2017,9,37
2017-09-12,2.179405574541306,2017,9,37
2017-09-13,2.488778439903399,2017,9,37
2017-09-14,1.9676978398056235,2017,9,37
2017-09-15,2.299504830123624,2017,9,37
2017-09-16,3.0294879064604174,2017,9,37
2017-09-17,2.93347869507852,2017,9,37
2017-09-18,1.9887804957979824,2017,9,38
2017-09-19,2.2220776948088314,2017,9,38
2017-09-20,1.6190803466306534,2017,9,38
2017-09-21,2.040105100342771,2017,9,38
2017-09-22,2.0655739571375307,2017,9,38
2017-09-23,2.9135490827902686,2017,9,38
2017-09-24,2.2656656675681006,2017,9,38
2017-09-25,1.7198568101448473,2017,9,39
2017-09-26,2.429729017749196,2017,9,39
2017-09-27,1.7585897781827953,2017,9,39
2017-09-28,1.8312244045955595,2017,9,39
2017-09-29,1.781907283788314,2017,9,39
2017-09-30,2.366023140930338,2017,9,39
2017-10-01,3.559572265628958,2017,10,39
2017-10-02,2.5225502343673725,2017,10,40
2017-10-03,3.207809211249696,2017,10,40
2017-10-04,2.966263350128429,2017,10,40
2017-10-05,3.1413966832042206,2017,10,40
2017-10-06,2.272979787812801,2017,10,40
2017-10-07,3.8691737024637405,2017,10,40
2017-10-08,3.475391004147241,2017,10,40
2017-10-09,2.8242261235427577,2017,10,41
2017-10-10,2.4109248034947086,2017,10,41
2017-10-11,2.8575489530630875,2017,10,41
2017-10-12,2.7420633232977707,2017,10,41
2017-10-13,3.100055783550488,2017,10,41
2017-10-14,3.6266538956260774,2017,10,41
2017-10-15,3.792088587215403,2017,10,41
2017-10-16,2.960995786386775,2017,10,42
2017-10-17,2.285746862209635,2017,10,42
2017-10-18,3.1790351975068916,2017,10,42
2017-10-19,2.4184819828078616,2017,10,42
2017-10-20,2.7968146256462205,2017,10,42
2017-10-21,3.3615392312931363,2017,10,42
2017-10-22,3.116803977318341,2017,10,42
2017-10-23,2.917316053091781,2017,10,43
2017-10-24,3.2298280906688888,2017,10,43
2017-10-25,2.4416868111875374,2017,10,43
2017-10-26,2.6263108048879076,2017,10,43
2017-10-27,2.6381144326005597,2017,10,43
2017-10-28,3.665543291164795,2017,10,43
2017-10-29,2.9879998512624297,2017,10,43
2017-10-30,3.0695306656707544,2017,10,44
2017-10-31,3.0133965041313786,2017,10,44
2017-11-01,3.562429725396214,2017,11,44
2017-11-02,3.480350205412833,2017,11,44
2017-11-03,3.8100017471879255,2017,11,44
2017-11-04,4.318522309506079,2017,11,44
2017-11-05,3.9339970220753457,2017,11,44
2017-11-06,3.7053256118379068,2017,11,45
2017-11-07,2.9961056930187624,2017,11,45
2017-11-08,3.283394503610907,2017,11,45
2017-11-09,3.2462174724496435,2017,11,45
2017-11-10,2.9225229425064754,2017,11,45
2017-11-11,3.8088855576643255,2017,11,45
2017-11-12,3.7873333965835627,2017,11,45
2017-11-13,3.515562219748972,2017,11,46
2017-11-14,3.5734653626277577,2017,11,46
2017-11-15,3.0623521501838695,2017,11,46
2017-11-16,3.8839171621657442,2017,11,46
2017-11-17,3.6390239614702296,2017,11,46
2017-11-18,3.5502210798149463,2017,11,46
2017-11-19,3.639005293691298,2017,11,46
2017-11-20,3.1368073026824277,2017,11,47
2017-11-21,3.847428331122501,2017,11,47
2017-11-22,3.634871720307274,2017,11,47
2017-11-23,3.8134397265675943,2017,11,47
2017-11-24,3.551453075342579,2017,11,47
2017-11-25,3.843559249624377,2017,11,47
2017-11-26,4.2260634739359375,2017,11,47
2017-11-27,3.442716151213972,2017,11,48
2017-11-28,3.290409596374957,2017,11,48
2017-11-29,3.2413518000103068,2017,11,48
2017-11-30,3.4387664482637774,2017,11,48
2017-12-01,3.642404534999514,2017,12,48
2017-12-02,4.9655230187636334,2017,12,48
2017-12-03,4.162220807775157,2017,12,48
2017-12-04,3.704288904235,2017,12,49
2017-12-05,4.018569264007965,2017,12,49
2017-12-06,3.7269952808564994,2017,12,49
2017-12-07,4.014869214879582,2017,12,49
2017-12-08,4.49299969515414,2017,12,49
2017-12-09,5.108071557042422,2017,12,49
2017-12-10,4.1908451232884545,2017,12,49
2017-12-11,3.5515757139364723,2017,12,50
2017-12-12,3.862223412055755,2017,12,50
2017-12-13,3.78251035665744,2017,12,50
2017-12-14,4.467849458480487,2017,12,50
2017-12-15,4.339160104194889,2017,12,50
2017-12-16,4.456100714887725,2017,12,50
2017-12-17,4.7922996830020566,2017,12,50
2017-12-18,3.871905350970337,2017,12,51
2017-12-19,4.0770324879849795,2017,12,51
2017-12-20,3.792572457023198,2017,12,51
2017-12-21,3.7959578925801907,2017,12,51
2017-12-22,4.218949408648768,2017,12,51
2017-12-23,4.737958670855733,2017,12,51
2017-12-24,4.822525664960267,2017,12,51
2017-12-25,3.935332522407407,2017,12,52
2017-12-26,3.9807747555023525,2017,12,52
2017-12-27,4.0738262475060765,2017,12,52
2017-12-28,3.6430857918749098,2017,12,52
2017-12-29,3.810235426208237,2017,12,52
2017-12-30,4.414852799876826,2017,12,52
2017-12-31,5.041023888188647,2017,12,52
